{
  "integration_dt_s": 0.002,
  "control_rate_hz": 100.0,
  "control_dt_s": 0.01,
  "operating_speed_mps": 8.330945320963725,
  "operating_curvature_1pm": 0.0323079470865019,
  "q_diag": [
    20.0,
    12.0,
    1.0,
    0.5,
    2.0,
    2.0
  ],
  "r_diag": [
    2.0,
    0.5
  ],
  "A_continuous": [
    [
      0.0,
      8.330945320963725,
      0.0,
      0.0,
      0.0,
      0.0
    ],
    [
      0.0,
      0.0,
      0.0,
      -0.0323079470865019,
      1.0,
      0.0
    ],
    [
      0.0,
      0.0,
      0.0,
      0.0,
      0.0,
      0.0
    ],
    [
      0.0,
      0.0,
      0.0,
      0.0,
      0.0,
      0.0
    ],
    [
      0.0,
      0.0,
      15.895214346349745,
      0.0,
      -0.7114598960246603,
      3.9576186332767382
    ],
    [
      0.0,
      0.0,
      0.1514230711644232,
      0.0,
      -0.9992815789421234,
      -0.3265384931413892
    ]
  ],
  "B_continuous": [
    [
      0.0,
      0.0
    ],
    [
      0.0,
      0.0
    ],
    [
      1.0,
      0.0
    ],
    [
      0.0,
      1.0
    ],
    [
      0.0,
      0.0
    ],
    [
      0.0,
      0.0
    ]
  ],
  "A_discrete": [
    [
      1.0,
      0.08330945320963724,
      0.0,
      0.0,
      0.0,
      0.0
    ],
    [
      0.0,
      1.0,
      0.0,
      -0.000323079470865019,
      0.01,
      0.0
    ],
    [
      0.0,
      0.0,
      1.0,
      0.0,
      0.0,
      0.0
    ],
    [
      0.0,
      0.0,
      0.0,
      1.0,
      0.0,
      0.0
    ],
    [
      0.0,
      0.0,
      0.15895214346349745,
      0.0,
      0.9928854010397534,
      0.03957618633276738
    ],
    [
      0.0,
      0.0,
      0.001514230711644232,
      0.0,
      -0.009992815789421235,
      0.9967346150685861
    ]
  ],
  "B_discrete": [
    [
      0.0,
      0.0
    ],
    [
      0.0,
      0.0
    ],
    [
      0.01,
      0.0
    ],
    [
      0.0,
      0.01
    ],
    [
      0.0,
      0.0
    ],
    [
      0.0,
      0.0
    ]
  ],
  "K": [
    [
      2.9870277171420985,
      15.408327156119382,
      11.168347786721801,
      -0.1254910134004869,
      3.8275925240891784,
      2.681793892638731
    ],
    [
      -0.2849580015943123,
      -1.4646186984355571,
      -0.5233512876068892,
      1.0097530542216515,
      -0.2655111678710617,
      -0.25940088928883864
    ]
  ],
  "closed_loop_eigenvalues": [
    {
      "real": 0.978168609788342,
      "imag": 0.04214335055099618,
      "abs": 0.9790760395244701
    },
    {
      "real": 0.978168609788342,
      "imag": -0.04214335055099618,
      "abs": 0.9790760395244701
    },
    {
      "real": 0.9625796082564158,
      "imag": 0.018901541757370747,
      "abs": 0.9627651689336713
    },
    {
      "real": 0.9625796082564158,
      "imag": -0.018901541757370747,
      "abs": 0.9627651689336713
    },
    {
      "real": 0.9962910111022533,
      "imag": 0.0,
      "abs": 0.9962910111022533
    },
    {
      "real": 0.9900515605071406,
      "imag": 0.0,
      "abs": 0.9900515605071406
    }
  ],
  "closed_loop_stable_discrete": true
}
