{
  "run_id": "ride_quality_pure_pursuit",
  "controller": "pure_pursuit",
  "integration_dt_s": 0.002,
  "control_rate_hz": 100.0,
  "control_period_s": 0.01,
  "completed_lap": true,
  "collision": false,
  "final_time_s": 38.042,
  "lap_time_s": 38.042,
  "final_progress_m": 156.343533309,
  "mean_speed_mps": 8.330945320963725,
  "max_speed_mps": 9.599999918,
  "rms_cte_m": 0.15789234016557674,
  "max_abs_cte_m": 0.403061587,
  "mean_abs_steer_rad": 0.03986229956364019,
  "max_abs_steer_rad": 0.2048,
  "mean_abs_command_steer_rad": 0.039902200451500974,
  "max_abs_command_steer_rad": 0.200098701,
  "steering_effort_rad": 8.198534063,
  "mean_abs_lat_accel_mps2": 5.777288734145629,
  "max_abs_lat_accel_mps2": 19.436448595,
  "max_abs_long_accel_mps2": 9.51,
  "rms_lat_jerk_mps3": 22.06285177902735,
  "max_abs_lat_jerk_mps3": 105.20261949996485,
  "termination_reason": "completed_lap",
  "controller_label": "pure_pursuit (lookahead=1.200 m, vgain=1.200)",
  "clean_lap": true,
  "integrator": "RK4"
}
